{"cameraMode":{"drawMode":0,"name":"Shaded","section":"Shading Mode"},"sceneLighting":true,"audioPlay":false,"sceneViewState":{"showFog":true,"showMaterialUpdate":false,"showSkybox":false,"showFlares":true,"showImageEffects":true,"showParticleSystems":true},"in2DMode":false,"pivot":{"x":-8.56576919555664,"y":-0.9971303939819336,"z":12.672517776489258},"rotation":{"x":0.16782669723033906,"y":-0.6803711652755737,"z":0.16420526802539826,"w":0.6942873597145081},"size":40.010372161865237,"orthographic":true}